{"enu_x":44.97615217860632,"enu_y":-93.23228834999514}
